[
    {
        "model": "auth.permission",
        "pk": 1,
        "fields": {
            "name": "Can add log entry",
            "content_type": 1,
            "codename": "add_logentry"
        }
    },
    {
        "model": "auth.permission",
        "pk": 2,
        "fields": {
            "name": "Can change log entry",
            "content_type": 1,
            "codename": "change_logentry"
        }
    },
    {
        "model": "auth.permission",
        "pk": 3,
        "fields": {
            "name": "Can delete log entry",
            "content_type": 1,
            "codename": "delete_logentry"
        }
    },
    {
        "model": "auth.permission",
        "pk": 4,
        "fields": {
            "name": "Can view log entry",
            "content_type": 1,
            "codename": "view_logentry"
        }
    },
    {
        "model": "auth.permission",
        "pk": 5,
        "fields": {
            "name": "Can add permission",
            "content_type": 2,
            "codename": "add_permission"
        }
    },
    {
        "model": "auth.permission",
        "pk": 6,
        "fields": {
            "name": "Can change permission",
            "content_type": 2,
            "codename": "change_permission"
        }
    },
    {
        "model": "auth.permission",
        "pk": 7,
        "fields": {
            "name": "Can delete permission",
            "content_type": 2,
            "codename": "delete_permission"
        }
    },
    {
        "model": "auth.permission",
        "pk": 8,
        "fields": {
            "name": "Can view permission",
            "content_type": 2,
            "codename": "view_permission"
        }
    },
    {
        "model": "auth.permission",
        "pk": 9,
        "fields": {
            "name": "Can add group",
            "content_type": 3,
            "codename": "add_group"
        }
    },
    {
        "model": "auth.permission",
        "pk": 10,
        "fields": {
            "name": "Can change group",
            "content_type": 3,
            "codename": "change_group"
        }
    },
    {
        "model": "auth.permission",
        "pk": 11,
        "fields": {
            "name": "Can delete group",
            "content_type": 3,
            "codename": "delete_group"
        }
    },
    {
        "model": "auth.permission",
        "pk": 12,
        "fields": {
            "name": "Can view group",
            "content_type": 3,
            "codename": "view_group"
        }
    },
    {
        "model": "auth.permission",
        "pk": 13,
        "fields": {
            "name": "Can add content type",
            "content_type": 4,
            "codename": "add_contenttype"
        }
    },
    {
        "model": "auth.permission",
        "pk": 14,
        "fields": {
            "name": "Can change content type",
            "content_type": 4,
            "codename": "change_contenttype"
        }
    },
    {
        "model": "auth.permission",
        "pk": 15,
        "fields": {
            "name": "Can delete content type",
            "content_type": 4,
            "codename": "delete_contenttype"
        }
    },
    {
        "model": "auth.permission",
        "pk": 16,
        "fields": {
            "name": "Can view content type",
            "content_type": 4,
            "codename": "view_contenttype"
        }
    },
    {
        "model": "auth.permission",
        "pk": 17,
        "fields": {
            "name": "Can add session",
            "content_type": 5,
            "codename": "add_session"
        }
    },
    {
        "model": "auth.permission",
        "pk": 18,
        "fields": {
            "name": "Can change session",
            "content_type": 5,
            "codename": "change_session"
        }
    },
    {
        "model": "auth.permission",
        "pk": 19,
        "fields": {
            "name": "Can delete session",
            "content_type": 5,
            "codename": "delete_session"
        }
    },
    {
        "model": "auth.permission",
        "pk": 20,
        "fields": {
            "name": "Can view session",
            "content_type": 5,
            "codename": "view_session"
        }
    },
    {
        "model": "auth.permission",
        "pk": 21,
        "fields": {
            "name": "Can add Token",
            "content_type": 6,
            "codename": "add_token"
        }
    },
    {
        "model": "auth.permission",
        "pk": 22,
        "fields": {
            "name": "Can change Token",
            "content_type": 6,
            "codename": "change_token"
        }
    },
    {
        "model": "auth.permission",
        "pk": 23,
        "fields": {
            "name": "Can delete Token",
            "content_type": 6,
            "codename": "delete_token"
        }
    },
    {
        "model": "auth.permission",
        "pk": 24,
        "fields": {
            "name": "Can view Token",
            "content_type": 6,
            "codename": "view_token"
        }
    },
    {
        "model": "auth.permission",
        "pk": 25,
        "fields": {
            "name": "Can add token",
            "content_type": 7,
            "codename": "add_tokenproxy"
        }
    },
    {
        "model": "auth.permission",
        "pk": 26,
        "fields": {
            "name": "Can change token",
            "content_type": 7,
            "codename": "change_tokenproxy"
        }
    },
    {
        "model": "auth.permission",
        "pk": 27,
        "fields": {
            "name": "Can delete token",
            "content_type": 7,
            "codename": "delete_tokenproxy"
        }
    },
    {
        "model": "auth.permission",
        "pk": 28,
        "fields": {
            "name": "Can view token",
            "content_type": 7,
            "codename": "view_tokenproxy"
        }
    },
    {
        "model": "auth.permission",
        "pk": 29,
        "fields": {
            "name": "Can add product",
            "content_type": 8,
            "codename": "add_product"
        }
    },
    {
        "model": "auth.permission",
        "pk": 30,
        "fields": {
            "name": "Can change product",
            "content_type": 8,
            "codename": "change_product"
        }
    },
    {
        "model": "auth.permission",
        "pk": 31,
        "fields": {
            "name": "Can delete product",
            "content_type": 8,
            "codename": "delete_product"
        }
    },
    {
        "model": "auth.permission",
        "pk": 32,
        "fields": {
            "name": "Can view product",
            "content_type": 8,
            "codename": "view_product"
        }
    },
    {
        "model": "auth.permission",
        "pk": 33,
        "fields": {
            "name": "Can add picture",
            "content_type": 9,
            "codename": "add_picture"
        }
    },
    {
        "model": "auth.permission",
        "pk": 34,
        "fields": {
            "name": "Can change picture",
            "content_type": 9,
            "codename": "change_picture"
        }
    },
    {
        "model": "auth.permission",
        "pk": 35,
        "fields": {
            "name": "Can delete picture",
            "content_type": 9,
            "codename": "delete_picture"
        }
    },
    {
        "model": "auth.permission",
        "pk": 36,
        "fields": {
            "name": "Can view picture",
            "content_type": 9,
            "codename": "view_picture"
        }
    },
    {
        "model": "auth.permission",
        "pk": 37,
        "fields": {
            "name": "Can add category",
            "content_type": 10,
            "codename": "add_category"
        }
    },
    {
        "model": "auth.permission",
        "pk": 38,
        "fields": {
            "name": "Can change category",
            "content_type": 10,
            "codename": "change_category"
        }
    },
    {
        "model": "auth.permission",
        "pk": 39,
        "fields": {
            "name": "Can delete category",
            "content_type": 10,
            "codename": "delete_category"
        }
    },
    {
        "model": "auth.permission",
        "pk": 40,
        "fields": {
            "name": "Can view category",
            "content_type": 10,
            "codename": "view_category"
        }
    },
    {
        "model": "auth.permission",
        "pk": 41,
        "fields": {
            "name": "Can add shopping cart",
            "content_type": 11,
            "codename": "add_shoppingcart"
        }
    },
    {
        "model": "auth.permission",
        "pk": 42,
        "fields": {
            "name": "Can change shopping cart",
            "content_type": 11,
            "codename": "change_shoppingcart"
        }
    },
    {
        "model": "auth.permission",
        "pk": 43,
        "fields": {
            "name": "Can delete shopping cart",
            "content_type": 11,
            "codename": "delete_shoppingcart"
        }
    },
    {
        "model": "auth.permission",
        "pk": 44,
        "fields": {
            "name": "Can view shopping cart",
            "content_type": 11,
            "codename": "view_shoppingcart"
        }
    },
    {
        "model": "auth.permission",
        "pk": 45,
        "fields": {
            "name": "Can add section",
            "content_type": 12,
            "codename": "add_section"
        }
    },
    {
        "model": "auth.permission",
        "pk": 46,
        "fields": {
            "name": "Can change section",
            "content_type": 12,
            "codename": "change_section"
        }
    },
    {
        "model": "auth.permission",
        "pk": 47,
        "fields": {
            "name": "Can delete section",
            "content_type": 12,
            "codename": "delete_section"
        }
    },
    {
        "model": "auth.permission",
        "pk": 48,
        "fields": {
            "name": "Can view section",
            "content_type": 12,
            "codename": "view_section"
        }
    },
    {
        "model": "auth.permission",
        "pk": 49,
        "fields": {
            "name": "Can add favorite",
            "content_type": 13,
            "codename": "add_favorite"
        }
    },
    {
        "model": "auth.permission",
        "pk": 50,
        "fields": {
            "name": "Can change favorite",
            "content_type": 13,
            "codename": "change_favorite"
        }
    },
    {
        "model": "auth.permission",
        "pk": 51,
        "fields": {
            "name": "Can delete favorite",
            "content_type": 13,
            "codename": "delete_favorite"
        }
    },
    {
        "model": "auth.permission",
        "pk": 52,
        "fields": {
            "name": "Can view favorite",
            "content_type": 13,
            "codename": "view_favorite"
        }
    },
    {
        "model": "auth.permission",
        "pk": 53,
        "fields": {
            "name": "Can add brand",
            "content_type": 14,
            "codename": "add_brand"
        }
    },
    {
        "model": "auth.permission",
        "pk": 54,
        "fields": {
            "name": "Can change brand",
            "content_type": 14,
            "codename": "change_brand"
        }
    },
    {
        "model": "auth.permission",
        "pk": 55,
        "fields": {
            "name": "Can delete brand",
            "content_type": 14,
            "codename": "delete_brand"
        }
    },
    {
        "model": "auth.permission",
        "pk": 56,
        "fields": {
            "name": "Can view brand",
            "content_type": 14,
            "codename": "view_brand"
        }
    },
    {
        "model": "auth.permission",
        "pk": 57,
        "fields": {
            "name": "Can add discount",
            "content_type": 15,
            "codename": "add_discount"
        }
    },
    {
        "model": "auth.permission",
        "pk": 58,
        "fields": {
            "name": "Can change discount",
            "content_type": 15,
            "codename": "change_discount"
        }
    },
    {
        "model": "auth.permission",
        "pk": 59,
        "fields": {
            "name": "Can delete discount",
            "content_type": 15,
            "codename": "delete_discount"
        }
    },
    {
        "model": "auth.permission",
        "pk": 60,
        "fields": {
            "name": "Can view discount",
            "content_type": 15,
            "codename": "view_discount"
        }
    },
    {
        "model": "auth.permission",
        "pk": 61,
        "fields": {
            "name": "Can add color",
            "content_type": 16,
            "codename": "add_color"
        }
    },
    {
        "model": "auth.permission",
        "pk": 62,
        "fields": {
            "name": "Can change color",
            "content_type": 16,
            "codename": "change_color"
        }
    },
    {
        "model": "auth.permission",
        "pk": 63,
        "fields": {
            "name": "Can delete color",
            "content_type": 16,
            "codename": "delete_color"
        }
    },
    {
        "model": "auth.permission",
        "pk": 64,
        "fields": {
            "name": "Can view color",
            "content_type": 16,
            "codename": "view_color"
        }
    },
    {
        "model": "auth.permission",
        "pk": 65,
        "fields": {
            "name": "Can add size",
            "content_type": 17,
            "codename": "add_size"
        }
    },
    {
        "model": "auth.permission",
        "pk": 66,
        "fields": {
            "name": "Can change size",
            "content_type": 17,
            "codename": "change_size"
        }
    },
    {
        "model": "auth.permission",
        "pk": 67,
        "fields": {
            "name": "Can delete size",
            "content_type": 17,
            "codename": "delete_size"
        }
    },
    {
        "model": "auth.permission",
        "pk": 68,
        "fields": {
            "name": "Can view size",
            "content_type": 17,
            "codename": "view_size"
        }
    },
    {
        "model": "auth.permission",
        "pk": 69,
        "fields": {
            "name": "Can add in stock",
            "content_type": 18,
            "codename": "add_instock"
        }
    },
    {
        "model": "auth.permission",
        "pk": 70,
        "fields": {
            "name": "Can change in stock",
            "content_type": 18,
            "codename": "change_instock"
        }
    },
    {
        "model": "auth.permission",
        "pk": 71,
        "fields": {
            "name": "Can delete in stock",
            "content_type": 18,
            "codename": "delete_instock"
        }
    },
    {
        "model": "auth.permission",
        "pk": 72,
        "fields": {
            "name": "Can view in stock",
            "content_type": 18,
            "codename": "view_instock"
        }
    },
    {
        "model": "auth.permission",
        "pk": 73,
        "fields": {
            "name": "Can add user",
            "content_type": 19,
            "codename": "add_customuser"
        }
    },
    {
        "model": "auth.permission",
        "pk": 74,
        "fields": {
            "name": "Can change user",
            "content_type": 19,
            "codename": "change_customuser"
        }
    },
    {
        "model": "auth.permission",
        "pk": 75,
        "fields": {
            "name": "Can delete user",
            "content_type": 19,
            "codename": "delete_customuser"
        }
    },
    {
        "model": "auth.permission",
        "pk": 76,
        "fields": {
            "name": "Can view user",
            "content_type": 19,
            "codename": "view_customuser"
        }
    },
    {
        "model": "auth.permission",
        "pk": 77,
        "fields": {
            "name": "Can add address",
            "content_type": 20,
            "codename": "add_address"
        }
    },
    {
        "model": "auth.permission",
        "pk": 78,
        "fields": {
            "name": "Can change address",
            "content_type": 20,
            "codename": "change_address"
        }
    },
    {
        "model": "auth.permission",
        "pk": 79,
        "fields": {
            "name": "Can delete address",
            "content_type": 20,
            "codename": "delete_address"
        }
    },
    {
        "model": "auth.permission",
        "pk": 80,
        "fields": {
            "name": "Can view address",
            "content_type": 20,
            "codename": "view_address"
        }
    },
    {
        "model": "auth.permission",
        "pk": 81,
        "fields": {
            "name": "Can add kid",
            "content_type": 21,
            "codename": "add_kid"
        }
    },
    {
        "model": "auth.permission",
        "pk": 82,
        "fields": {
            "name": "Can change kid",
            "content_type": 21,
            "codename": "change_kid"
        }
    },
    {
        "model": "auth.permission",
        "pk": 83,
        "fields": {
            "name": "Can delete kid",
            "content_type": 21,
            "codename": "delete_kid"
        }
    },
    {
        "model": "auth.permission",
        "pk": 84,
        "fields": {
            "name": "Can view kid",
            "content_type": 21,
            "codename": "view_kid"
        }
    },
    {
        "model": "auth.permission",
        "pk": 85,
        "fields": {
            "name": "Can add profile",
            "content_type": 22,
            "codename": "add_profile"
        }
    },
    {
        "model": "auth.permission",
        "pk": 86,
        "fields": {
            "name": "Can change profile",
            "content_type": 22,
            "codename": "change_profile"
        }
    },
    {
        "model": "auth.permission",
        "pk": 87,
        "fields": {
            "name": "Can delete profile",
            "content_type": 22,
            "codename": "delete_profile"
        }
    },
    {
        "model": "auth.permission",
        "pk": 88,
        "fields": {
            "name": "Can view profile",
            "content_type": 22,
            "codename": "view_profile"
        }
    },
    {
        "model": "contenttypes.contenttype",
        "pk": 1,
        "fields": {
            "app_label": "admin",
            "model": "logentry"
        }
    },
    {
        "model": "contenttypes.contenttype",
        "pk": 2,
        "fields": {
            "app_label": "auth",
            "model": "permission"
        }
    },
    {
        "model": "contenttypes.contenttype",
        "pk": 3,
        "fields": {
            "app_label": "auth",
            "model": "group"
        }
    },
    {
        "model": "contenttypes.contenttype",
        "pk": 4,
        "fields": {
            "app_label": "contenttypes",
            "model": "contenttype"
        }
    },
    {
        "model": "contenttypes.contenttype",
        "pk": 5,
        "fields": {
            "app_label": "sessions",
            "model": "session"
        }
    },
    {
        "model": "contenttypes.contenttype",
        "pk": 6,
        "fields": {
            "app_label": "authtoken",
            "model": "token"
        }
    },
    {
        "model": "contenttypes.contenttype",
        "pk": 7,
        "fields": {
            "app_label": "authtoken",
            "model": "tokenproxy"
        }
    },
    {
        "model": "contenttypes.contenttype",
        "pk": 8,
        "fields": {
            "app_label": "api",
            "model": "product"
        }
    },
    {
        "model": "contenttypes.contenttype",
        "pk": 9,
        "fields": {
            "app_label": "api",
            "model": "picture"
        }
    },
    {
        "model": "contenttypes.contenttype",
        "pk": 10,
        "fields": {
            "app_label": "api",
            "model": "category"
        }
    },
    {
        "model": "contenttypes.contenttype",
        "pk": 11,
        "fields": {
            "app_label": "api",
            "model": "shoppingcart"
        }
    },
    {
        "model": "contenttypes.contenttype",
        "pk": 12,
        "fields": {
            "app_label": "api",
            "model": "section"
        }
    },
    {
        "model": "contenttypes.contenttype",
        "pk": 13,
        "fields": {
            "app_label": "api",
            "model": "favorite"
        }
    },
    {
        "model": "contenttypes.contenttype",
        "pk": 14,
        "fields": {
            "app_label": "api",
            "model": "brand"
        }
    },
    {
        "model": "contenttypes.contenttype",
        "pk": 15,
        "fields": {
            "app_label": "api",
            "model": "discount"
        }
    },
    {
        "model": "contenttypes.contenttype",
        "pk": 16,
        "fields": {
            "app_label": "api",
            "model": "color"
        }
    },
    {
        "model": "contenttypes.contenttype",
        "pk": 17,
        "fields": {
            "app_label": "api",
            "model": "size"
        }
    },
    {
        "model": "contenttypes.contenttype",
        "pk": 18,
        "fields": {
            "app_label": "api",
            "model": "instock"
        }
    },
    {
        "model": "contenttypes.contenttype",
        "pk": 19,
        "fields": {
            "app_label": "users",
            "model": "customuser"
        }
    },
    {
        "model": "contenttypes.contenttype",
        "pk": 20,
        "fields": {
            "app_label": "users",
            "model": "address"
        }
    },
    {
        "model": "contenttypes.contenttype",
        "pk": 21,
        "fields": {
            "app_label": "users",
            "model": "kid"
        }
    },
    {
        "model": "contenttypes.contenttype",
        "pk": 22,
        "fields": {
            "app_label": "users",
            "model": "profile"
        }
    },
    {
        "model": "api.discount",
        "pk": 1,
        "fields": {
            "name": 5
        }
    },
    {
        "model": "api.discount",
        "pk": 2,
        "fields": {
            "name": 10
        }
    },
    {
        "model": "api.discount",
        "pk": 3,
        "fields": {
            "name": 15
        }
    },
    {
        "model": "api.discount",
        "pk": 4,
        "fields": {
            "name": 20
        }
    },
    {
        "model": "api.discount",
        "pk": 5,
        "fields": {
            "name": 25
        }
    },
    {
        "model": "api.discount",
        "pk": 6,
        "fields": {
            "name": 30
        }
    },
    {
        "model": "api.discount",
        "pk": 7,
        "fields": {
            "name": 35
        }
    },
    {
        "model": "api.brand",
        "pk": 1,
        "fields": {
            "name": "nike"
        }
    },
    {
        "model": "api.brand",
        "pk": 2,
        "fields": {
            "name": "adidas"
        }
    },
    {
        "model": "api.brand",
        "pk": 3,
        "fields": {
            "name": "zara"
        }
    },
    {
        "model": "api.brand",
        "pk": 4,
        "fields": {
            "name": "h&m"
        }
    },
    {
        "model": "api.brand",
        "pk": 5,
        "fields": {
            "name": "gucci"
        }
    },
    {
        "model": "api.brand",
        "pk": 6,
        "fields": {
            "name": "louis vuitton"
        }
    },
    {
        "model": "api.brand",
        "pk": 7,
        "fields": {
            "name": "chanel"
        }
    },
    {
        "model": "api.brand",
        "pk": 8,
        "fields": {
            "name": "calvin klein"
        }
    },
    {
        "model": "api.brand",
        "pk": 9,
        "fields": {
            "name": "ralph lauren"
        }
    },
    {
        "model": "api.brand",
        "pk": 10,
        "fields": {
            "name": "forever 21"
        }
    },
    {
        "model": "api.category",
        "pk": 1,
        "fields": {
            "name": "одяг"
        }
    },
    {
        "model": "api.category",
        "pk": 2,
        "fields": {
            "name": "взуття"
        }
    },
    {
        "model": "api.category",
        "pk": 3,
        "fields": {
            "name": "аксесуары"
        }
    },
    {
        "model": "api.section",
        "pk": 1,
        "fields": {
            "name": "біжутерія та шпильки",
            "category": 3
        }
    },
    {
        "model": "api.section",
        "pk": 2,
        "fields": {
            "name": "окуляри",
            "category": 3
        }
    },
    {
        "model": "api.section",
        "pk": 3,
        "fields": {
            "name": "рюкзаки",
            "category": 3
        }
    },
    {
        "model": "api.section",
        "pk": 4,
        "fields": {
            "name": "ремені",
            "category": 3
        }
    },
    {
        "model": "api.section",
        "pk": 5,
        "fields": {
            "name": "рукавиці",
            "category": 3
        }
    },
    {
        "model": "api.section",
        "pk": 6,
        "fields": {
            "name": "сумочки",
            "category": 3
        }
    },
    {
        "model": "api.section",
        "pk": 7,
        "fields": {
            "name": "шарфи та платки",
            "category": 3
        }
    },
    {
        "model": "api.section",
        "pk": 8,
        "fields": {
            "name": "шапки",
            "category": 3
        }
    },
    {
        "model": "api.section",
        "pk": 9,
        "fields": {
            "name": "барсетки та бананки",
            "category": 3
        }
    },
    {
        "model": "api.section",
        "pk": 10,
        "fields": {
            "name": "балетки",
            "category": 2
        }
    },
    {
        "model": "api.section",
        "pk": 11,
        "fields": {
            "name": "гумові сапоги",
            "category": 2
        }
    },
    {
        "model": "api.section",
        "pk": 12,
        "fields": {
            "name": "еспадрильї, сліпони, мокасини",
            "category": 2
        }
    },
    {
        "model": "api.section",
        "pk": 13,
        "fields": {
            "name": "капці",
            "category": 2
        }
    },
    {
        "model": "api.section",
        "pk": 14,
        "fields": {
            "name": "кеди",
            "category": 2
        }
    },
    {
        "model": "api.section",
        "pk": 15,
        "fields": {
            "name": "кросівки",
            "category": 2
        }
    },
    {
        "model": "api.section",
        "pk": 16,
        "fields": {
            "name": "черевики та лофери",
            "category": 2
        }
    },
    {
        "model": "api.section",
        "pk": 17,
        "fields": {
            "name": "чоботи та пив чоботи",
            "category": 2
        }
    },
    {
        "model": "api.section",
        "pk": 18,
        "fields": {
            "name": "шлепанці та босоніжки",
            "category": 2
        }
    },
    {
        "model": "api.section",
        "pk": 19,
        "fields": {
            "name": "пінетки",
            "category": 2
        }
    },
    {
        "model": "api.section",
        "pk": 20,
        "fields": {
            "name": "бутси",
            "category": 2
        }
    },
    {
        "model": "api.section",
        "pk": 21,
        "fields": {
            "name": "блузки",
            "category": 1
        }
    },
    {
        "model": "api.section",
        "pk": 22,
        "fields": {
            "name": "боді",
            "category": 1
        }
    },
    {
        "model": "api.section",
        "pk": 23,
        "fields": {
            "name": "верхній одяг",
            "category": 1
        }
    },
    {
        "model": "api.section",
        "pk": 24,
        "fields": {
            "name": "джинсі",
            "category": 1
        }
    },
    {
        "model": "api.section",
        "pk": 25,
        "fields": {
            "name": "кофті, кардигани",
            "category": 1
        }
    },
    {
        "model": "api.section",
        "pk": 26,
        "fields": {
            "name": "комбінезони",
            "category": 1
        }
    },
    {
        "model": "api.section",
        "pk": 27,
        "fields": {
            "name": "комплекти, костюми",
            "category": 1
        }
    },
    {
        "model": "api.section",
        "pk": 28,
        "fields": {
            "name": "спортивний одяг",
            "category": 1
        }
    },
    {
        "model": "api.section",
        "pk": 29,
        "fields": {
            "name": "свeтри",
            "category": 1
        }
    },
    {
        "model": "api.section",
        "pk": 30,
        "fields": {
            "name": "плаття",
            "category": 1
        }
    },
    {
        "model": "api.section",
        "pk": 31,
        "fields": {
            "name": "піджаки та костюми",
            "category": 1
        }
    },
    {
        "model": "api.section",
        "pk": 32,
        "fields": {
            "name": "піжами",
            "category": 1
        }
    },
    {
        "model": "api.section",
        "pk": 33,
        "fields": {
            "name": "футболки",
            "category": 1
        }
    },
    {
        "model": "api.section",
        "pk": 34,
        "fields": {
            "name": "трикотаж",
            "category": 1
        }
    },
    {
        "model": "api.section",
        "pk": 35,
        "fields": {
            "name": "шорті",
            "category": 1
        }
    },
    {
        "model": "api.section",
        "pk": 36,
        "fields": {
            "name": "штані",
            "category": 1
        }
    },
    {
        "model": "api.section",
        "pk": 37,
        "fields": {
            "name": "спідниці",
            "category": 1
        }
    },
    {
        "model": "api.section",
        "pk": 38,
        "fields": {
            "name": "шкільна форма",
            "category": 1
        }
    },
    {
        "model": "api.section",
        "pk": 39,
        "fields": {
            "name": "тематичні костюми",
            "category": 1
        }
    },
    {
        "model": "api.section",
        "pk": 40,
        "fields": {
            "name": "конверті",
            "category": 1
        }
    },
    {
        "model": "api.section",
        "pk": 41,
        "fields": {
            "name": "крижми",
            "category": 1
        }
    },
    {
        "model": "api.section",
        "pk": 42,
        "fields": {
            "name": "одяг для хрещення",
            "category": 1
        }
    },
    {
        "model": "api.section",
        "pk": 43,
        "fields": {
            "name": "повзунки",
            "category": 1
        }
    },
    {
        "model": "api.section",
        "pk": 44,
        "fields": {
            "name": "писачники",
            "category": 1
        }
    },
    {
        "model": "api.section",
        "pk": 45,
        "fields": {
            "name": "подряпки",
            "category": 1
        }
    },
    {
        "model": "api.section",
        "pk": 46,
        "fields": {
            "name": "чоловічки",
            "category": 1
        }
    },
    {
        "model": "api.section",
        "pk": 47,
        "fields": {
            "name": "шапочки",
            "category": 1
        }
    },
    {
        "model": "api.section",
        "pk": 48,
        "fields": {
            "name": "сорочки",
            "category": 1
        }
    },
    {
        "model": "api.size",
        "pk": 1,
        "fields": {
            "brand_size": 35,
            "letter_size": "XXS"
        }
    },
    {
        "model": "api.size",
        "pk": 2,
        "fields": {
            "brand_size": 31,
            "letter_size": "XS"
        }
    },
    {
        "model": "api.size",
        "pk": 3,
        "fields": {
            "brand_size": 18,
            "letter_size": "XL"
        }
    },
    {
        "model": "api.size",
        "pk": 4,
        "fields": {
            "brand_size": 21,
            "letter_size": "S"
        }
    },
    {
        "model": "api.size",
        "pk": 5,
        "fields": {
            "brand_size": 21,
            "letter_size": "XL"
        }
    },
    {
        "model": "api.size",
        "pk": 6,
        "fields": {
            "brand_size": 23,
            "letter_size": "XS"
        }
    },
    {
        "model": "api.size",
        "pk": 7,
        "fields": {
            "brand_size": 21,
            "letter_size": "XXL"
        }
    },
    {
        "model": "api.size",
        "pk": 8,
        "fields": {
            "brand_size": 25,
            "letter_size": "M"
        }
    },
    {
        "model": "api.size",
        "pk": 9,
        "fields": {
            "brand_size": 24,
            "letter_size": "XS"
        }
    },
    {
        "model": "api.size",
        "pk": 10,
        "fields": {
            "brand_size": 37,
            "letter_size": "XXL"
        }
    },
    {
        "model": "api.size",
        "pk": 11,
        "fields": {
            "brand_size": 20,
            "letter_size": "XL"
        }
    },
    {
        "model": "api.size",
        "pk": 12,
        "fields": {
            "brand_size": 16,
            "letter_size": "M"
        }
    },
    {
        "model": "api.size",
        "pk": 13,
        "fields": {
            "brand_size": 27,
            "letter_size": "S"
        }
    },
    {
        "model": "api.size",
        "pk": 14,
        "fields": {
            "brand_size": 20,
            "letter_size": "S"
        }
    },
    {
        "model": "api.size",
        "pk": 15,
        "fields": {
            "brand_size": 37,
            "letter_size": "XXS"
        }
    },
    {
        "model": "api.size",
        "pk": 16,
        "fields": {
            "brand_size": 34,
            "letter_size": "L"
        }
    },
    {
        "model": "api.size",
        "pk": 17,
        "fields": {
            "brand_size": 30,
            "letter_size": "XXS"
        }
    },
    {
        "model": "api.size",
        "pk": 18,
        "fields": {
            "brand_size": 16,
            "letter_size": "L"
        }
    },
    {
        "model": "api.size",
        "pk": 19,
        "fields": {
            "brand_size": 28,
            "letter_size": "XXL"
        }
    },
    {
        "model": "api.size",
        "pk": 20,
        "fields": {
            "brand_size": 18,
            "letter_size": "L"
        }
    },
    {
        "model": "api.size",
        "pk": 21,
        "fields": {
            "brand_size": 33,
            "letter_size": "XXL"
        }
    },
    {
        "model": "api.size",
        "pk": 22,
        "fields": {
            "brand_size": 15,
            "letter_size": "XXS"
        }
    },
    {
        "model": "api.size",
        "pk": 23,
        "fields": {
            "brand_size": 38,
            "letter_size": "L"
        }
    },
    {
        "model": "api.size",
        "pk": 24,
        "fields": {
            "brand_size": 34,
            "letter_size": "XL"
        }
    },
    {
        "model": "api.size",
        "pk": 25,
        "fields": {
            "brand_size": 19,
            "letter_size": "M"
        }
    },
    {
        "model": "api.size",
        "pk": 26,
        "fields": {
            "brand_size": 28,
            "letter_size": "M"
        }
    },
    {
        "model": "api.size",
        "pk": 27,
        "fields": {
            "brand_size": 36,
            "letter_size": "L"
        }
    },
    {
        "model": "api.size",
        "pk": 28,
        "fields": {
            "brand_size": 19,
            "letter_size": "XXL"
        }
    },
    {
        "model": "api.size",
        "pk": 29,
        "fields": {
            "brand_size": 37,
            "letter_size": "L"
        }
    },
    {
        "model": "api.size",
        "pk": 30,
        "fields": {
            "brand_size": 29,
            "letter_size": "M"
        }
    },
    {
        "model": "api.size",
        "pk": 31,
        "fields": {
            "brand_size": 23,
            "letter_size": "S"
        }
    },
    {
        "model": "api.size",
        "pk": 32,
        "fields": {
            "brand_size": 20,
            "letter_size": "L"
        }
    },
    {
        "model": "api.size",
        "pk": 33,
        "fields": {
            "brand_size": 23,
            "letter_size": "XL"
        }
    },
    {
        "model": "api.size",
        "pk": 34,
        "fields": {
            "brand_size": 36,
            "letter_size": "M"
        }
    },
    {
        "model": "api.size",
        "pk": 35,
        "fields": {
            "brand_size": 35,
            "letter_size": "XS"
        }
    },
    {
        "model": "api.size",
        "pk": 36,
        "fields": {
            "brand_size": 34,
            "letter_size": "XXS"
        }
    },
    {
        "model": "api.size",
        "pk": 37,
        "fields": {
            "brand_size": 29,
            "letter_size": "XL"
        }
    },
    {
        "model": "api.color",
        "pk": 1,
        "fields": {
            "name": "#FF5733"
        }
    },
    {
        "model": "api.color",
        "pk": 2,
        "fields": {
            "name": "#2ECC71"
        }
    },
    {
        "model": "api.color",
        "pk": 3,
        "fields": {
            "name": "#E74C3C"
        }
    },
    {
        "model": "api.color",
        "pk": 4,
        "fields": {
            "name": "#9B59B6"
        }
    },
    {
        "model": "api.color",
        "pk": 5,
        "fields": {
            "name": "#F39C12"
        }
    },
    {
        "model": "api.color",
        "pk": 6,
        "fields": {
            "name": "#1ABC9C"
        }
    },
    {
        "model": "api.color",
        "pk": 7,
        "fields": {
            "name": "#E67E22"
        }
    },
    {
        "model": "api.color",
        "pk": 8,
        "fields": {
            "name": "#27AE60"
        }
    },
    {
        "model": "api.color",
        "pk": 9,
        "fields": {
            "name": "#D35400"
        }
    },
    {
        "model": "api.color",
        "pk": 10,
        "fields": {
            "name": "#000000"
        }
    },
    {
        "model": "api.color",
        "pk": 11,
        "fields": {
            "name": "#43464B"
        }
    },
    {
        "model": "api.product",
        "pk": 1,
        "fields": {
            "name": "Красивый свитер для ребенка",
            "category": 2,
            "section": 2,
            "description": " Праздничный свитер для ребенка Украшен тематическим новогодним узором С длинным рукавчиком и круглым вырезом горловины Состав 91% акрил и 9% полиэстер",
            "brand": 8,
            "item_number": "6434a53d-62c4-47f4-ae91-d3ec0051c688",
            "price": 425,
            "rating": 8.0,
            "age": 3,
            "male": false,
            "is_sale": false,
            "discount": null
        }
    },
    {
        "model": "api.product",
        "pk": 2,
        "fields": {
            "name": "Кардиган для девочки",
            "category": 2,
            "section": 7,
            "description": " Кардиган  з м’якої в’язки в рубчик Із V-подібним вирізом Застібка - планка з ґудзиків спереду З довгим рукавом Склад 100% бавовна",
            "brand": 6,
            "item_number": "935f74d7-2cf2-46ed-aa66-00ffef61b842",
            "price": 295,
            "rating": 1.0,
            "age": 8,
            "male": false,
            "is_sale": false,
            "discount": null
        }
    },
    {
        "model": "api.product",
        "pk": 3,
        "fields": {
            "name": "Красивое платье для девочки от Carters",
            "category": 2,
            "section": 44,
            "description": " З довгим рукавчиком на манжеті-резинці Ззаду невелика планка з гудзиків Прикрашене принтом Склад 60% бавовна 40% віскоза",
            "brand": 10,
            "item_number": "b5053d9b-3d2a-4815-b995-896d21f1c7f3",
            "price": 310,
            "rating": 10.0,
            "age": 12,
            "male": false,
            "is_sale": true,
            "discount": 1
        }
    },
    {
        "model": "api.product",
        "pk": 4,
        "fields": {
            "name": "Пижама с легким начесом внутри",
            "category": 1,
            "section": 17,
            "description": " Трикотажная пижама для ребенка Состоит из штанов и реглана Внутри с легким начесом Штаны на эластичной резинке Состав 100% хлопок",
            "brand": 1,
            "item_number": "e64c660f-b2de-4806-bd27-6fb7381a400e",
            "price": 445,
            "rating": 0.0,
            "age": 3,
            "male": false,
            "is_sale": true,
            "discount": 1
        }
    },
    {
        "model": "api.product",
        "pk": 5,
        "fields": {
            "name": "Трикотажная футболка для ребенка",
            "category": 2,
            "section": 13,
            "description": " Круглий виріз горловини Прикрашена принтом Склад 95% бавовна 5% лайкра",
            "brand": 5,
            "item_number": "4f89f3b9-369b-4e41-a791-5256d1b99339",
            "price": 275,
            "rating": 5.0,
            "age": 9,
            "male": false,
            "is_sale": false,
            "discount": null
        }
    },
    {
        "model": "api.product",
        "pk": 6,
        "fields": {
            "name": "Демисезонная куртка для девочки от MarksSpencer",
            "category": 3,
            "section": 48,
            "description": " Наповнювач легкий шар силікону Всередині гладка поліестерова підкладка Сезонність весна осінь Склад 100% поліестер",
            "brand": 8,
            "item_number": "78508eb3-3b81-4bb2-88f4-426e0acd3571",
            "price": 895,
            "rating": 0.0,
            "age": 8,
            "male": false,
            "is_sale": false,
            "discount": null
        }
    },
    {
        "model": "api.product",
        "pk": 7,
        "fields": {
            "name": "Солнцезащитные очки Paw Patrol",
            "category": 3,
            "section": 37,
            "description": " Стильна оправа мають яскравий дизайн Вік 4+",
            "brand": 10,
            "item_number": "735e534f-4a3c-43b1-a6c5-d72fda8e70cb",
            "price": 145,
            "rating": 10.0,
            "age": 10,
            "male": false,
            "is_sale": false,
            "discount": null
        }
    },
    {
        "model": "api.product",
        "pk": 8,
        "fields": {
            "name": "Кроссовки для девочки",
            "category": 1,
            "section": 26,
            "description": " Міцна підошва яка розрахована для активних ігор Застібка липучка Якісне пошиття Матеріал текстиль ґума",
            "brand": 2,
            "item_number": "65d93e03-0aa4-4b3d-b341-a015340fcd9c",
            "price": 725,
            "rating": 6.0,
            "age": 4,
            "male": false,
            "is_sale": false,
            "discount": null
        }
    },
    {
        "model": "api.product",
        "pk": 9,
        "fields": {
            "name": "Жилет с трикотажным капюшоном для ребенка",
            "category": 2,
            "section": 28,
            "description": " Всередині повністю на підкладці з віскози Наповнювач тонкий шар синтепону Дві прорізні кишені",
            "brand": 9,
            "item_number": "c813a82e-1488-4a0a-aff0-cb719f909864",
            "price": 550,
            "rating": 1.0,
            "age": 9,
            "male": false,
            "is_sale": false,
            "discount": null
        }
    },
    {
        "model": "api.product",
        "pk": 10,
        "fields": {
            "name": "Дизайнерский набор для девочки (шапочка и шарфик)",
            "category": 1,
            "section": 25,
            "description": " Набор состоит из шапочки и шарфа Сезонность осень зима Состав 80% хлопок 20% акрил",
            "brand": 5,
            "item_number": "c246063d-2d8c-4e8e-82d2-2e4cbcb00f28",
            "price": 225,
            "rating": 3.0,
            "age": 14,
            "male": false,
            "is_sale": false,
            "discount": null
        }
    },
    {
        "model": "api.product",
        "pk": 11,
        "fields": {
            "name": "Набор трикотажных футболок 2 шт",
            "category": 1,
            "section": 1,
            "description": " Круглий виріз горловини Прикрашені принтом Склад 100% бавовна",
            "brand": 1,
            "item_number": "98e88786-a217-4b5e-8b95-4aa8c1d0e027",
            "price": 325,
            "rating": 10.0,
            "age": 14,
            "male": true,
            "is_sale": true,
            "discount": 3
        }
    },
    {
        "model": "api.product",
        "pk": 12,
        "fields": {
            "name": "Набор носков для ребенка (7 пар)",
            "category": 1,
            "section": 24,
            "description": " Еластичні гумки В наборі 7 шт Склад 81% бавовна 18% поліамід 1% еластан",
            "brand": 7,
            "item_number": "af5c7ab6-89b5-48dc-b7c7-6599aa629fa7",
            "price": 175,
            "rating": 5.0,
            "age": 9,
            "male": true,
            "is_sale": true,
            "discount": 1
        }
    },
    {
        "model": "api.product",
        "pk": 13,
        "fields": {
            "name": "Свитшот с махровой нитью внутри Абстракция",
            "category": 2,
            "section": 2,
            "description": " Всередині з махровою ниткою френч террі Круглий виріз горловини Склад 90% бавовна 10% еластан",
            "brand": 1,
            "item_number": "bcce8e2b-0962-443c-aaf9-fc05faea7617",
            "price": 485,
            "rating": 10.0,
            "age": 13,
            "male": true,
            "is_sale": false,
            "discount": null
        }
    },
    {
        "model": "api.product",
        "pk": 14,
        "fields": {
            "name": "Твиловые штаны для мальчика от H&M 1шт",
            "category": 2,
            "section": 10,
            "description": " В поясе протянута регулируемая резинка Застежка кнопка и молния Состав: 100% хлопок",
            "brand": 10,
            "item_number": "d84ab8d7-d535-40c7-bf20-c60f3eec00d1",
            "price": 235,
            "rating": 1.0,
            "age": 13,
            "male": true,
            "is_sale": true,
            "discount": 2
        }
    },
    {
        "model": "api.product",
        "pk": 15,
        "fields": {
            "name": "Кардиган для ребенка",
            "category": 3,
            "section": 38,
            "description": " Всередині з легким начосом Vподібний виріз горловини Склад 74% бавовна 23 % поліестер 3% віскоза",
            "brand": 5,
            "item_number": "1a5cef91-2e38-49e0-8bd4-0cacb28d5118",
            "price": 650,
            "rating": 4.0,
            "age": 3,
            "male": true,
            "is_sale": false,
            "discount": null
        }
    },
    {
        "model": "api.product",
        "pk": 16,
        "fields": {
            "name": "Трикотажный комплект двойка с начесом внутри для ребенка",
            "category": 1,
            "section": 16,
            "description": " Всередині з начосом Складається з світшоту та штанців Склад 100%  бавовна",
            "brand": 9,
            "item_number": "8f6bc998-a40b-4ea3-9854-a3a17b6c97b1",
            "price": 795,
            "rating": 10.0,
            "age": 4,
            "male": true,
            "is_sale": false,
            "discount": null
        }
    },
    {
        "model": "api.product",
        "pk": 17,
        "fields": {
            "name": "Вышиванка для мальчика",
            "category": 2,
            "section": 48,
            "description": " Матеріал батист З довгим рукавчиком Склад: 100% бавовна",
            "brand": 3,
            "item_number": "20feffc3-73a6-4db4-bf24-0ab71ed59068",
            "price": 475,
            "rating": 0.0,
            "age": 3,
            "male": true,
            "is_sale": true,
            "discount": 3
        }
    },
    {
        "model": "api.product",
        "pk": 18,
        "fields": {
            "name": "Зимний комплект куртка и штаны",
            "category": 2,
            "section": 40,
            "description": " Складається з куртки та штанів з регулюючими підтяжками Безпечні світловідбиваючі деталі Склад: 100% поліестер з поліуретановим покриттям",
            "brand": 7,
            "item_number": "7553da31-83c6-462b-ba25-3c4f09d85cc8",
            "price": 2495,
            "rating": 4.0,
            "age": 7,
            "male": true,
            "is_sale": false,
            "discount": null
        }
    },
    {
        "model": "api.product",
        "pk": 19,
        "fields": {
            "name": "Набор рубашек с коротким рукавом 2 шт",
            "category": 3,
            "section": 7,
            "description": " С коротким рукавчиком Можно носить как школьную форму Состав 65 % полиэстер 35% хлопок",
            "brand": 1,
            "item_number": "ce730057-2b88-4dae-990d-4fbbe35ee4b0",
            "price": 250,
            "rating": 7.0,
            "age": 4,
            "male": true,
            "is_sale": true,
            "discount": 7
        }
    },
    {
        "model": "api.product",
        "pk": 20,
        "fields": {
            "name": "Футболка для ребенка",
            "category": 1,
            "section": 3,
            "description": " З коротким рукавчиком Прикрашена принтом Склад: 100% бавовна",
            "brand": 10,
            "item_number": "61edbc2a-a632-4b55-bc52-915cb63735c2",
            "price": 150,
            "rating": 3.0,
            "age": 0,
            "male": true,
            "is_sale": true,
            "discount": 4
        }
    },
    {
        "model": "api.instock",
        "pk": 1,
        "fields": {
            "product": 1,
            "color": 11,
            "product_size": 9,
            "in_stock": 17
        }
    },
    {
        "model": "api.instock",
        "pk": 2,
        "fields": {
            "product": 1,
            "color": 6,
            "product_size": 21,
            "in_stock": 42
        }
    },
    {
        "model": "api.instock",
        "pk": 3,
        "fields": {
            "product": 1,
            "color": 5,
            "product_size": 8,
            "in_stock": 21
        }
    },
    {
        "model": "api.instock",
        "pk": 4,
        "fields": {
            "product": 1,
            "color": 11,
            "product_size": 13,
            "in_stock": 22
        }
    },
    {
        "model": "api.instock",
        "pk": 5,
        "fields": {
            "product": 2,
            "color": 2,
            "product_size": 7,
            "in_stock": 45
        }
    },
    {
        "model": "api.instock",
        "pk": 6,
        "fields": {
            "product": 2,
            "color": 5,
            "product_size": 15,
            "in_stock": 11
        }
    },
    {
        "model": "api.instock",
        "pk": 7,
        "fields": {
            "product": 2,
            "color": 1,
            "product_size": 14,
            "in_stock": 22
        }
    },
    {
        "model": "api.instock",
        "pk": 8,
        "fields": {
            "product": 2,
            "color": 4,
            "product_size": 16,
            "in_stock": 2
        }
    },
    {
        "model": "api.instock",
        "pk": 9,
        "fields": {
            "product": 3,
            "color": 2,
            "product_size": 18,
            "in_stock": 32
        }
    },
    {
        "model": "api.instock",
        "pk": 10,
        "fields": {
            "product": 3,
            "color": 8,
            "product_size": 10,
            "in_stock": 15
        }
    },
    {
        "model": "api.instock",
        "pk": 11,
        "fields": {
            "product": 3,
            "color": 4,
            "product_size": 33,
            "in_stock": 27
        }
    },
    {
        "model": "api.instock",
        "pk": 12,
        "fields": {
            "product": 3,
            "color": 3,
            "product_size": 35,
            "in_stock": 40
        }
    },
    {
        "model": "api.instock",
        "pk": 13,
        "fields": {
            "product": 3,
            "color": 10,
            "product_size": 17,
            "in_stock": 16
        }
    },
    {
        "model": "api.instock",
        "pk": 14,
        "fields": {
            "product": 4,
            "color": 10,
            "product_size": 8,
            "in_stock": 1
        }
    },
    {
        "model": "api.instock",
        "pk": 15,
        "fields": {
            "product": 4,
            "color": 9,
            "product_size": 14,
            "in_stock": 19
        }
    },
    {
        "model": "api.instock",
        "pk": 16,
        "fields": {
            "product": 4,
            "color": 1,
            "product_size": 17,
            "in_stock": 39
        }
    },
    {
        "model": "api.instock",
        "pk": 17,
        "fields": {
            "product": 4,
            "color": 10,
            "product_size": 28,
            "in_stock": 43
        }
    },
    {
        "model": "api.instock",
        "pk": 18,
        "fields": {
            "product": 5,
            "color": 3,
            "product_size": 1,
            "in_stock": 46
        }
    },
    {
        "model": "api.instock",
        "pk": 19,
        "fields": {
            "product": 5,
            "color": 11,
            "product_size": 3,
            "in_stock": 33
        }
    },
    {
        "model": "api.instock",
        "pk": 20,
        "fields": {
            "product": 5,
            "color": 5,
            "product_size": 14,
            "in_stock": 30
        }
    },
    {
        "model": "api.instock",
        "pk": 21,
        "fields": {
            "product": 5,
            "color": 6,
            "product_size": 14,
            "in_stock": 45
        }
    },
    {
        "model": "api.instock",
        "pk": 22,
        "fields": {
            "product": 6,
            "color": 6,
            "product_size": 18,
            "in_stock": 14
        }
    },
    {
        "model": "api.instock",
        "pk": 23,
        "fields": {
            "product": 6,
            "color": 11,
            "product_size": 12,
            "in_stock": 18
        }
    },
    {
        "model": "api.instock",
        "pk": 24,
        "fields": {
            "product": 6,
            "color": 2,
            "product_size": 28,
            "in_stock": 19
        }
    },
    {
        "model": "api.instock",
        "pk": 25,
        "fields": {
            "product": 7,
            "color": 10,
            "product_size": 25,
            "in_stock": 0
        }
    },
    {
        "model": "api.instock",
        "pk": 26,
        "fields": {
            "product": 7,
            "color": 8,
            "product_size": 6,
            "in_stock": 16
        }
    },
    {
        "model": "api.instock",
        "pk": 27,
        "fields": {
            "product": 7,
            "color": 2,
            "product_size": 35,
            "in_stock": 15
        }
    },
    {
        "model": "api.instock",
        "pk": 28,
        "fields": {
            "product": 7,
            "color": 2,
            "product_size": 32,
            "in_stock": 17
        }
    },
    {
        "model": "api.instock",
        "pk": 29,
        "fields": {
            "product": 8,
            "color": 2,
            "product_size": 29,
            "in_stock": 10
        }
    },
    {
        "model": "api.instock",
        "pk": 30,
        "fields": {
            "product": 8,
            "color": 10,
            "product_size": 4,
            "in_stock": 29
        }
    },
    {
        "model": "api.instock",
        "pk": 31,
        "fields": {
            "product": 8,
            "color": 3,
            "product_size": 23,
            "in_stock": 36
        }
    },
    {
        "model": "api.instock",
        "pk": 32,
        "fields": {
            "product": 8,
            "color": 6,
            "product_size": 14,
            "in_stock": 37
        }
    },
    {
        "model": "api.instock",
        "pk": 33,
        "fields": {
            "product": 8,
            "color": 5,
            "product_size": 1,
            "in_stock": 10
        }
    },
    {
        "model": "api.instock",
        "pk": 34,
        "fields": {
            "product": 9,
            "color": 9,
            "product_size": 34,
            "in_stock": 18
        }
    },
    {
        "model": "api.instock",
        "pk": 35,
        "fields": {
            "product": 9,
            "color": 8,
            "product_size": 7,
            "in_stock": 43
        }
    },
    {
        "model": "api.instock",
        "pk": 36,
        "fields": {
            "product": 9,
            "color": 10,
            "product_size": 18,
            "in_stock": 8
        }
    },
    {
        "model": "api.instock",
        "pk": 37,
        "fields": {
            "product": 10,
            "color": 11,
            "product_size": 25,
            "in_stock": 20
        }
    },
    {
        "model": "api.instock",
        "pk": 38,
        "fields": {
            "product": 10,
            "color": 8,
            "product_size": 35,
            "in_stock": 14
        }
    },
    {
        "model": "api.instock",
        "pk": 39,
        "fields": {
            "product": 10,
            "color": 7,
            "product_size": 12,
            "in_stock": 11
        }
    },
    {
        "model": "api.instock",
        "pk": 40,
        "fields": {
            "product": 10,
            "color": 7,
            "product_size": 36,
            "in_stock": 39
        }
    },
    {
        "model": "api.instock",
        "pk": 41,
        "fields": {
            "product": 10,
            "color": 9,
            "product_size": 30,
            "in_stock": 2
        }
    },
    {
        "model": "api.instock",
        "pk": 42,
        "fields": {
            "product": 11,
            "color": 2,
            "product_size": 4,
            "in_stock": 11
        }
    },
    {
        "model": "api.instock",
        "pk": 43,
        "fields": {
            "product": 11,
            "color": 4,
            "product_size": 1,
            "in_stock": 4
        }
    },
    {
        "model": "api.instock",
        "pk": 44,
        "fields": {
            "product": 11,
            "color": 2,
            "product_size": 25,
            "in_stock": 45
        }
    },
    {
        "model": "api.instock",
        "pk": 45,
        "fields": {
            "product": 11,
            "color": 7,
            "product_size": 13,
            "in_stock": 37
        }
    },
    {
        "model": "api.instock",
        "pk": 46,
        "fields": {
            "product": 12,
            "color": 11,
            "product_size": 24,
            "in_stock": 39
        }
    },
    {
        "model": "api.instock",
        "pk": 47,
        "fields": {
            "product": 12,
            "color": 5,
            "product_size": 9,
            "in_stock": 40
        }
    },
    {
        "model": "api.instock",
        "pk": 48,
        "fields": {
            "product": 12,
            "color": 1,
            "product_size": 22,
            "in_stock": 1
        }
    },
    {
        "model": "api.instock",
        "pk": 49,
        "fields": {
            "product": 13,
            "color": 2,
            "product_size": 18,
            "in_stock": 29
        }
    },
    {
        "model": "api.instock",
        "pk": 50,
        "fields": {
            "product": 13,
            "color": 6,
            "product_size": 37,
            "in_stock": 33
        }
    },
    {
        "model": "api.instock",
        "pk": 51,
        "fields": {
            "product": 13,
            "color": 10,
            "product_size": 25,
            "in_stock": 46
        }
    },
    {
        "model": "api.instock",
        "pk": 52,
        "fields": {
            "product": 13,
            "color": 1,
            "product_size": 36,
            "in_stock": 25
        }
    },
    {
        "model": "api.instock",
        "pk": 53,
        "fields": {
            "product": 14,
            "color": 5,
            "product_size": 14,
            "in_stock": 37
        }
    },
    {
        "model": "api.instock",
        "pk": 54,
        "fields": {
            "product": 14,
            "color": 10,
            "product_size": 7,
            "in_stock": 22
        }
    },
    {
        "model": "api.instock",
        "pk": 55,
        "fields": {
            "product": 14,
            "color": 5,
            "product_size": 27,
            "in_stock": 30
        }
    },
    {
        "model": "api.instock",
        "pk": 56,
        "fields": {
            "product": 15,
            "color": 2,
            "product_size": 12,
            "in_stock": 27
        }
    },
    {
        "model": "api.instock",
        "pk": 57,
        "fields": {
            "product": 15,
            "color": 2,
            "product_size": 7,
            "in_stock": 1
        }
    },
    {
        "model": "api.instock",
        "pk": 58,
        "fields": {
            "product": 15,
            "color": 6,
            "product_size": 7,
            "in_stock": 46
        }
    },
    {
        "model": "api.instock",
        "pk": 59,
        "fields": {
            "product": 15,
            "color": 4,
            "product_size": 13,
            "in_stock": 9
        }
    },
    {
        "model": "api.instock",
        "pk": 60,
        "fields": {
            "product": 15,
            "color": 2,
            "product_size": 32,
            "in_stock": 24
        }
    },
    {
        "model": "api.instock",
        "pk": 61,
        "fields": {
            "product": 16,
            "color": 2,
            "product_size": 31,
            "in_stock": 24
        }
    },
    {
        "model": "api.instock",
        "pk": 62,
        "fields": {
            "product": 16,
            "color": 9,
            "product_size": 13,
            "in_stock": 42
        }
    },
    {
        "model": "api.instock",
        "pk": 63,
        "fields": {
            "product": 16,
            "color": 5,
            "product_size": 17,
            "in_stock": 16
        }
    },
    {
        "model": "api.instock",
        "pk": 64,
        "fields": {
            "product": 16,
            "color": 5,
            "product_size": 2,
            "in_stock": 33
        }
    },
    {
        "model": "api.instock",
        "pk": 65,
        "fields": {
            "product": 17,
            "color": 9,
            "product_size": 19,
            "in_stock": 11
        }
    },
    {
        "model": "api.instock",
        "pk": 66,
        "fields": {
            "product": 17,
            "color": 1,
            "product_size": 33,
            "in_stock": 22
        }
    },
    {
        "model": "api.instock",
        "pk": 67,
        "fields": {
            "product": 17,
            "color": 10,
            "product_size": 15,
            "in_stock": 48
        }
    },
    {
        "model": "api.instock",
        "pk": 68,
        "fields": {
            "product": 17,
            "color": 9,
            "product_size": 11,
            "in_stock": 39
        }
    },
    {
        "model": "api.instock",
        "pk": 69,
        "fields": {
            "product": 18,
            "color": 2,
            "product_size": 10,
            "in_stock": 43
        }
    },
    {
        "model": "api.instock",
        "pk": 70,
        "fields": {
            "product": 18,
            "color": 10,
            "product_size": 36,
            "in_stock": 39
        }
    },
    {
        "model": "api.instock",
        "pk": 71,
        "fields": {
            "product": 18,
            "color": 10,
            "product_size": 19,
            "in_stock": 50
        }
    },
    {
        "model": "api.instock",
        "pk": 72,
        "fields": {
            "product": 18,
            "color": 4,
            "product_size": 33,
            "in_stock": 47
        }
    },
    {
        "model": "api.instock",
        "pk": 73,
        "fields": {
            "product": 19,
            "color": 1,
            "product_size": 11,
            "in_stock": 30
        }
    },
    {
        "model": "api.instock",
        "pk": 74,
        "fields": {
            "product": 19,
            "color": 7,
            "product_size": 24,
            "in_stock": 32
        }
    },
    {
        "model": "api.instock",
        "pk": 75,
        "fields": {
            "product": 19,
            "color": 6,
            "product_size": 5,
            "in_stock": 0
        }
    },
    {
        "model": "api.instock",
        "pk": 76,
        "fields": {
            "product": 19,
            "color": 4,
            "product_size": 3,
            "in_stock": 8
        }
    },
    {
        "model": "api.instock",
        "pk": 77,
        "fields": {
            "product": 19,
            "color": 2,
            "product_size": 25,
            "in_stock": 2
        }
    },
    {
        "model": "api.instock",
        "pk": 78,
        "fields": {
            "product": 20,
            "color": 11,
            "product_size": 3,
            "in_stock": 12
        }
    },
    {
        "model": "api.instock",
        "pk": 79,
        "fields": {
            "product": 20,
            "color": 5,
            "product_size": 6,
            "in_stock": 31
        }
    },
    {
        "model": "api.instock",
        "pk": 80,
        "fields": {
            "product": 20,
            "color": 7,
            "product_size": 18,
            "in_stock": 11
        }
    },
    {
        "model": "api.picture",
        "pk": 1,
        "fields": {
            "product": 1,
            "product_image": "product_images/1_3_mk8einn.jpg"
        }
    },
    {
        "model": "api.picture",
        "pk": 2,
        "fields": {
            "product": 1,
            "product_image": "product_images/1_2_rbwKYar.jpg"
        }
    },
    {
        "model": "api.picture",
        "pk": 3,
        "fields": {
            "product": 1,
            "product_image": "product_images/1_1_xAysp91.jpg"
        }
    },
    {
        "model": "api.picture",
        "pk": 4,
        "fields": {
            "product": 2,
            "product_image": "product_images/2_2_bhGMX8F.jpg"
        }
    },
    {
        "model": "api.picture",
        "pk": 5,
        "fields": {
            "product": 2,
            "product_image": "product_images/2_3_p9lwPcz.jpg"
        }
    },
    {
        "model": "api.picture",
        "pk": 6,
        "fields": {
            "product": 2,
            "product_image": "product_images/2_1_ZqepWxV.jpg"
        }
    },
    {
        "model": "api.picture",
        "pk": 7,
        "fields": {
            "product": 5,
            "product_image": "product_images/5_2_ICorXtk.jpg"
        }
    },
    {
        "model": "api.picture",
        "pk": 8,
        "fields": {
            "product": 6,
            "product_image": "product_images/6_1_NrC4Gte.jpg"
        }
    },
    {
        "model": "api.picture",
        "pk": 9,
        "fields": {
            "product": 6,
            "product_image": "product_images/6_2_K6Z4GlL.jpg"
        }
    },
    {
        "model": "api.picture",
        "pk": 10,
        "fields": {
            "product": 7,
            "product_image": "product_images/7_3_c38gs3s.jpg"
        }
    },
    {
        "model": "api.picture",
        "pk": 11,
        "fields": {
            "product": 7,
            "product_image": "product_images/7_2_husOQUj.jpg"
        }
    },
    {
        "model": "api.picture",
        "pk": 12,
        "fields": {
            "product": 7,
            "product_image": "product_images/7_1_jlvLX22.jpg"
        }
    },
    {
        "model": "api.picture",
        "pk": 13,
        "fields": {
            "product": 8,
            "product_image": "product_images/8_1_wKneKuC.jpg"
        }
    },
    {
        "model": "api.picture",
        "pk": 14,
        "fields": {
            "product": 8,
            "product_image": "product_images/8_3_aT7GXFu.jpg"
        }
    },
    {
        "model": "api.picture",
        "pk": 15,
        "fields": {
            "product": 8,
            "product_image": "product_images/8_2_31jMzzt.jpg"
        }
    },
    {
        "model": "api.picture",
        "pk": 16,
        "fields": {
            "product": 9,
            "product_image": "product_images/9_1_mLr9CLV.jpeg"
        }
    },
    {
        "model": "api.picture",
        "pk": 17,
        "fields": {
            "product": 10,
            "product_image": "product_images/10_1_MLqPncx.jpg"
        }
    },
    {
        "model": "api.picture",
        "pk": 18,
        "fields": {
            "product": 13,
            "product_image": "product_images/13_2_gAMQxTI.jpeg"
        }
    },
    {
        "model": "api.picture",
        "pk": 19,
        "fields": {
            "product": 13,
            "product_image": "product_images/13_1_kMV3Jza.jpeg"
        }
    },
    {
        "model": "api.picture",
        "pk": 20,
        "fields": {
            "product": 15,
            "product_image": "product_images/15_1_5WwRA8g.jpg"
        }
    },
    {
        "model": "api.picture",
        "pk": 21,
        "fields": {
            "product": 15,
            "product_image": "product_images/15_2_x1Wcu8v.jpg"
        }
    },
    {
        "model": "api.picture",
        "pk": 22,
        "fields": {
            "product": 16,
            "product_image": "product_images/16_1_GNZOAow.jpg"
        }
    },
    {
        "model": "api.picture",
        "pk": 23,
        "fields": {
            "product": 16,
            "product_image": "product_images/16_2_5cNlrQu.jpg"
        }
    },
    {
        "model": "api.picture",
        "pk": 24,
        "fields": {
            "product": 18,
            "product_image": "product_images/18_1_Vr4fnJK.jpg"
        }
    },
    {
        "model": "api.picture",
        "pk": 25,
        "fields": {
            "product": 18,
            "product_image": "product_images/18_3_XE6ehxh.jpg"
        }
    },
    {
        "model": "api.picture",
        "pk": 26,
        "fields": {
            "product": 18,
            "product_image": "product_images/18_2_eEIo9ry.jpg"
        }
    },
    {
        "model": "api.picture",
        "pk": 27,
        "fields": {
            "product": 3,
            "product_image": "product_images/3_1_wEK3K4B.jpg"
        }
    },
    {
        "model": "api.picture",
        "pk": 28,
        "fields": {
            "product": 3,
            "product_image": "product_images/3_2_4lvglRV.jpg"
        }
    },
    {
        "model": "api.picture",
        "pk": 29,
        "fields": {
            "product": 4,
            "product_image": "product_images/4_1_Q1Tztxk.jpg"
        }
    },
    {
        "model": "api.picture",
        "pk": 30,
        "fields": {
            "product": 11,
            "product_image": "product_images/11_3_3fsc6dw.jpg"
        }
    },
    {
        "model": "api.picture",
        "pk": 31,
        "fields": {
            "product": 11,
            "product_image": "product_images/11_2_4olMSXC.jpg"
        }
    },
    {
        "model": "api.picture",
        "pk": 32,
        "fields": {
            "product": 11,
            "product_image": "product_images/11_1_mThQrtb.jpg"
        }
    },
    {
        "model": "api.picture",
        "pk": 33,
        "fields": {
            "product": 12,
            "product_image": "product_images/12_1_iTb7bNB.jpeg"
        }
    },
    {
        "model": "api.picture",
        "pk": 34,
        "fields": {
            "product": 14,
            "product_image": "product_images/14_2_gvH5AuB.jpg"
        }
    },
    {
        "model": "api.picture",
        "pk": 35,
        "fields": {
            "product": 14,
            "product_image": "product_images/14_1_pLGG8Yu.jpg"
        }
    },
    {
        "model": "api.picture",
        "pk": 36,
        "fields": {
            "product": 17,
            "product_image": "product_images/17_2_yDq8xb5.jpg"
        }
    },
    {
        "model": "api.picture",
        "pk": 37,
        "fields": {
            "product": 17,
            "product_image": "product_images/17_1_Q6tTcwD.jpg"
        }
    },
    {
        "model": "api.picture",
        "pk": 38,
        "fields": {
            "product": 19,
            "product_image": "product_images/19_1_BMjXBEU.jpg"
        }
    },
    {
        "model": "api.picture",
        "pk": 39,
        "fields": {
            "product": 20,
            "product_image": "product_images/20_1_bo04C0R.jpg"
        }
    },
    {
        "model": "api.picture",
        "pk": 40,
        "fields": {
            "product": 20,
            "product_image": "product_images/20_2_3pjpMaN.jpg"
        }
    }
]